CSCI-1100,spring,2018
ECON-1200,spring,2018
MATH-1010,spring,2018
CSCI-1200,fall,2018
IHSS-1140,fall,2018
MATH-1020,fall,2018
MGMT-1100,fall,2018
PHYS-1100,fall,2018
COGS-2120,spring,2019
CSCI-2200,spring,2019
MATH-2010,spring,2019
MGMT-2300,spring,2019
PSYC-1200,spring,2019
ADMN-1030,fall,2019
COGS-2340,fall,2019
CSCI-2300,fall,2019
CSCI-2500,fall,2019
CSCI-2941,fall,2019
MATH-4740,fall,2019
PHIL-2140,fall,2019
BIOL-1010,spring,2020
BIOL-1015,spring,2020
CSCI-2600,spring,2020
CSCI-2960,spring,2020
CSCI-4510,spring,2020
CSCI-4380,spring,2020
PSYC-4370,spring,2020
CSCI-2961,fall,2020
CSCI-4340,fall,2020
CSCI-4390,fall,2020
CSCI-4430,fall,2020
CSCI-4440,fall,2020
CSCI-4964,fall,2020
